Protein_ID,Description,EC_Number,Boltz_ID,Boltz_Probability_H3,Boltz_Binary_H3,Boltz_Affinity_H3,Vina_Score_H3,CNN_Pose_Score_H3,Redocking_Vina_Score_H3,Redocking_CNN_Pose_Score_H3,Boltz_Probability_SAM,Boltz_Binary_SAM,Boltz_Affinity_SAM,Vina_Score_SAM,CNN_Pose_Score_SAM,Redocking_Vina_Score_SAM,Redocking_CNN_Pose_Score_SAM,confidence_score,complex_plddt,iptm,ptm,complex_iplddt,ligand_iptm,protein_iptm
tr|Q584S3|Q584S3_TRYB2,Alpha N-terminal protein methyltransferase 1,2.1.1,A,0.977,1,-9.97,-9.39,0.977,-10.6,0.9732,0.962,1,-9.33,-9.25,0.972,-10.6,0.9027,0.7954094409942627,0.8290231227874756,0.6609546542167664,0.7692644000053406,0.8710850477218628,0.9917274713516236,0.4926207363605499
pdb|6DNZ|C,"Chain C, Arginine N-methyltransferase, putative",2.1.1,B,0.95,1,-8.13,-9.7,0.966,-10.64,0.9465,0.949,1,-7.79,-9.76,0.969,-10.41,0.9271,0.7891796231269836,0.8280428647994995,0.6337265968322754,0.7592531442642212,0.8537787199020386,0.9835407137870787,0.3407355844974518
tr|Q4GYA9|Q4GYA9_TRYB2,"Arginine N-methyltransferase, putative",2.1.1,C,0.953,1,-8.12,-9.44,0.967,-10.79,0.9365,0.935,1,-7.9,-10.35,0.994,-10.95,0.9835,0.782444417476654,0.8243122696876526,0.6149728298187256,0.7336722612380981,0.807155966758728,0.985293984413147,0.2251506894826889
pdb|4M38|B,"Chain B, Protein arginine N-methyltransferase 7",2.1.1,D,0.97,1,-7.53,-7.12,0.822,-8.5,0.9214,0.892,1,-7.11,-5.72,0.848,-8.4,0.9212,0.8219155669212341,0.8658894300460815,0.6460197567939758,0.7820085883140564,0.8693569302558899,0.9752312302589417,0.2792970836162567
tr|Q57U70|Q57U70_TRYB2,"Arginine N-methyltransferase, putative",-,E,0.962,1,-8.42,-9.36,0.946,-10.32,0.9146,0.933,1,-8.15,-10.28,0.985,-10.0,0.9832,0.7904742360115051,0.8181249499320984,0.6798713207244873,0.8201491832733154,0.762045681476593,0.9879425168037416,0.6306078433990479
sp|Q582G4|ANM7_TRYB2,Protein arginine N-methyltransferase 7,2.1.1,F,0.967,1,-8.01,-6.55,0.748,-9.71,0.6403,0.929,1,-7.66,-6.94,0.919,-9.34,0.7787,0.7693880200386047,0.7987158894538879,0.6520764827728271,0.7945709824562073,0.7561987042427063,0.9767025709152222,0.5328164100646973
tr|Q38C25|Q38C25_TRYB2,CFA20 domain-containing protein,-,G,0.443,0,-7.12,-1.86,0.023,-7.72,0.177,0.274,0,-5.94,-4.47,0.112,-6.77,0.4101,0.5867738127708435,0.631112277507782,0.4094199538230896,0.6043037176132202,0.5325987339019775,0.8763306736946106,0.3404554426670074
tr|Q57XC2|Q57XC2_TRYB2,Protein arginine methyltransferase NDUFAF7,-,H,0.886,1,-6.56,-8.7,0.731,-9.86,0.9598,0.808,1,-7.07,-8.53,0.852,-10.0,0.9489,0.7736350893974304,0.8064762353897095,0.6422705054283142,0.7716376781463623,0.8099666237831116,0.988520085811615,0.5277783274650574
sp|Q582A7|DRE2_TRYB2,Anamorsin homolog,-,I,0.494,0,-7.06,0.08,0.026,-5.91,0.2897,0.593,1,-7.09,-2.83,0.227,-5.79,0.3556,0.5826913714408875,0.5491340756416321,0.7169206738471985,0.7771425247192383,0.4881258606910705,0.8785519003868103,0.6978344917297363
tr|Q582P6|Q582P6_TRYB2,"5-demethoxyubiquinone hydroxylase, mitochondrial",-,J,0.292,0,-7.45,-6.33,0.103,-8.75,0.3381,0.28,0,-7.51,-7.28,0.506,-6.98,0.3913,0.7293557524681091,0.7853727340698242,0.5052876472473145,0.7334219813346863,0.7466945052146912,0.9281005263328552,0.3702084124088287
tr|Q4FKJ2|Q4FKJ2_TRYB2,Methyltransferase,2.1.1,K,0.976,1,-8.57,-10.36,0.986,-11.16,0.9903,0.978,1,-8.92,-10.13,0.985,-11.05,0.9935,0.7847231030464172,0.8134661912918091,0.6697506308555603,0.7792679667472839,0.8529683351516724,0.9872767329216005,0.405460000038147
tr|Q583L2|Q583L2_TRYB2,Transposase of Tn10,-,L,0.384,0,-5.98,-5.16,0.058,-7.07,0.2878,0.413,0,-6.1,-4.89,0.433,-7.67,0.2108,0.7233095169067383,0.7984172105789185,0.4228788316249847,0.790796160697937,0.6818329691886902,0.7899543046951294,0.3935460448265075
tr|Q4GYL8|Q4GYL8_TRYB2,T. brucei spp.-specific protein,-,M,0.334,0,-7.01,0.79,0.047,-5.14,0.1735,0.532,1,-7.15,-3.31,0.207,-8.54,0.248,0.3559876084327698,0.3194572925567627,0.5021088123321533,0.4943407475948334,0.3110837936401367,0.5607426166534424,0.5247213840484619
tr|Q38BV4|Q38BV4_TRYB2,Splicing factor PTSR1 interacting protein,-,N,0.29,0,-7.7,-0.38,0.633,-4.34,0.347,0.471,0,-6.47,-4.0,0.266,-5.77,0.3064,0.3657018840312958,0.4096908271312713,0.1897461861371994,0.2541522085666656,0.3737836182117462,0.3855317533016205,0.1616369187831878
tr|Q38CC8|Q38CC8_TRYB2,Uncharacterized protein,-,O,0.267,0,-7.02,-4.24,0.014,-7.02,0.2585,0.546,1,-7.69,-1.83,0.013,-6.65,0.714,0.3593405783176422,0.3692586719989776,0.3196682035923004,0.2586478590965271,0.3792434632778168,0.3104803562164306,0.339480459690094
tr|Q385C5|Q385C5_TRYB2,Uncharacterized protein,-,P,0.495,0,-7.48,-1.19,0.03,-3.88,0.5588,0.295,0,-6.4,-1.45,0.012,-6.27,0.849,0.4095095694065094,0.3990553915500641,0.4513263404369354,0.3754526078701019,0.3538339734077453,0.5067415833473206,0.4688884913921356
pdb|4V8M|Bs,"Chain BP, PROBABLE 60S RIBOSOMAL PROTEIN L14",-,Q,0.559,1,-6.65,-2.16,0.064,-5.31,0.3883,0.566,1,-6.91,-3.11,0.052,-7.17,0.0991,0.6386919021606445,0.6343780755996704,0.6559473276138306,0.6907227039337158,0.5036007761955261,0.7941939830780029,0.6315339207649231
tr|Q38AV1|Q38AV1_TRYB2,PARP-type domain-containing protein,-,R,0.301,0,-6.32,-2.31,0.275,-5.75,0.1457,0.364,0,-6.9,-2.95,0.336,-4.65,0.3005,0.6502866744995117,0.5984440445899963,0.8576571941375732,0.8536326289176941,0.5188755393028259,0.9564297199249268,0.8410582542419434
tr|Q389D9|Q389D9_TRYB2,T. brucei spp.-specific protein,-,S,0.357,0,-7.81,-5.98,0.146,-8.55,0.233,0.324,0,-7.12,-5.61,0.029,-8.0,0.1794,0.5201311111450195,0.426088809967041,0.896300196647644,0.9154709577560424,0.3854690194129944,0.9319708943367004,0.8890037536621094
tr|Q57VH9|Q57VH9_TRYB2,"Nuclear transcription factor, putative",-,T,0.528,1,-7.21,-0.67,0.071,-6.26,0.1729,0.469,0,-7.76,-2.87,0.589,-4.07,0.729,0.7114657163619995,0.7461605668067932,0.5726861953735352,0.4587995409965515,0.5788494944572449,0.7340550422668457,0.5396829843521118
tr|Q57V06|Q57V06_TRYB2,RING-type domain-containing protein,-,U,0.223,0,-6.74,1.34,0.032,-4.17,0.5545,0.241,0,-7.38,-0.22,0.039,-4.27,0.603,0.631321370601654,0.7504015564918518,0.1550004333257675,0.3056272566318512,0.6212677955627441,0.3624637424945831,0.1450642496347427
tr|Q385F6|Q385F6_TRYB2,"S-phase kinase-associated protein, putative",-,V,0.532,1,-7.2,-1.73,0.285,-3.78,0.6011,0.47,0,-7.28,-0.73,0.146,-2.93,0.5562,0.6737786531448364,0.6772303581237793,0.6599717736244202,0.7277172207832336,0.5108932852745056,0.6466622948646545,0.6973133087158203
tr|Q584B2|Q584B2_TRYB2,carnosine N-methyltransferase,2.1.1,W,0.996,1,-9.67,-8.83,0.98,-10.67,0.9711,0.987,1,-9.15,-8.47,0.989,-9.25,0.9793,0.7943897247314453,0.817203164100647,0.7031359076499939,0.8353514075279236,0.8192304968833923,0.9781887531280518,0.6593082547187805
tr|Q38BP3|Q38BP3_TRYB2,"Arginine N-methyltransferase, putative",-,X,0.815,1,-5.57,-9.48,0.849,-10.15,0.8302,0.66,1,-5.4,-7.88,0.779,-9.16,0.8431,0.6573578715324402,0.6879813075065613,0.5348638892173767,0.6825180649757385,0.6221778392791748,0.9780868291854858,0.3680379688739776
pdb|6DNZ|D,"Chain C, Arginine N-methyltransferase, putative",-,Y,0.826,1,-5.36,-9.07,0.826,-8.44,0.8846,0.823,1,-6.21,-8.87,0.855,-9.4,0.9,0.6933231949806213,0.7388328313827515,0.5112846493721008,0.6682152152061462,0.6684556603431702,0.9658388495445251,0.3449782729148865
tr|Q582U8|Q582U8_TRYB2,PHD-type domain-containing protein,-,Z,0.228,0,-6.73,-4.07,0.232,-7.9,0.4468,0.186,0,-7.09,-5.29,0.094,-6.81,0.7154,0.6447052359580994,0.5688461065292358,0.948141872882843,0.8551576137542725,0.4974949061870575,0.9604032635688782,0.9499470591545104
tr|Q57XC0|Q57XC0_TRYB2,SET domain-containing protein,-,AA,0.974,1,-8.86,-7.67,0.828,-8.46,0.916,0.929,1,-8.26,-8.2,0.901,-7.71,0.8516,0.7625632286071777,0.7609220147132874,0.7691282033920288,0.8513935208320618,0.7253689169883728,0.9906622171401978,0.7622246146202087
tr|Q38AF8|Q38AF8_TRYB2,SET domain-containing protein,-,AB,0.943,1,-8.74,-8.49,0.947,-9.79,0.9587,0.933,1,-9.24,-8.52,0.955,-9.77,0.9765,0.7885435223579407,0.8025429248809814,0.7325457334518433,0.809143602848053,0.7565415501594543,0.990654468536377,0.729351818561554
tr|Q57TW0|Q57TW0_TRYB2,SET domain-containing protein,-,AC,0.831,1,-7.93,-9.4,0.936,-8.72,0.8271,0.932,1,-8.42,-8.3,0.966,-7.75,0.7516,0.8006415367126465,0.8334599733352661,0.6693676114082336,0.7924273610115051,0.8157764077186584,0.9884703755378724,0.6303348541259766
tr|Q57ZV3|Q57ZV3_TRYB2,SET domain-containing protein,-,AD,0.977,1,-10.55,-8.79,0.904,-8.59,0.8302,0.957,1,-10.1,-9.21,0.982,-9.09,0.9479,0.683709979057312,0.6883084774017334,0.6653159260749817,0.7373648881912231,0.6679463386535645,0.9908310770988464,0.6534989476203918
tr|Q582H7|Q582H7_TRYB2,SET domain-containing protein,-,AE,0.933,1,-8.64,-8.68,0.958,-7.74,0.696,0.914,1,-8.06,-8.65,0.958,-7.42,0.4987,0.7817239165306091,0.8002820611000061,0.7074912190437317,0.8584082126617432,0.7440403699874878,0.9871558547019958,0.6659868955612183
tr|Q584A8|Q584A8_TRYB2,SET domain-containing protein,-,AF,0.552,1,-6.4,-5.34,0.229,-7.78,0.8183,0.6,1,-6.47,-6.36,0.671,-7.56,0.6688,0.7626402974128723,0.7786083817481995,0.698767900466919,0.8869096040725708,0.7003411054611206,0.9568370580673218,0.6556009650230408
tr|Q4GYA6|Q4GYA6_TRYB2,SET domain-containing protein,-,AG,0.944,1,-8.74,-7.54,0.893,-8.3,0.353,0.919,1,-8.58,-7.7,0.941,-6.47,0.1966,0.7569449543952942,0.7709116339683533,0.7010781168937683,0.8106798529624939,0.7187632918357849,0.9856805205345154,0.5422411561012268
tr|Q385Q6|Q385Q6_TRYB2,SET domain-containing protein,-,AH,0.914,1,-8.67,-8.2,0.956,-10.06,0.9133,0.895,1,-8.57,-7.9,0.972,-9.44,0.9707,0.7727319598197937,0.7962740063667297,0.6785638332366943,0.7862904667854309,0.7773013710975647,0.98508882522583,0.2522964477539062
tr|Q38AF4|Q38AF4_TRYB2,SET domain-containing protein,-,AI,0.895,1,-7.59,-7.44,0.625,-9.2,0.8111,0.877,1,-7.22,-8.94,0.945,-9.5,0.9545,0.7758452892303467,0.7691584825515747,0.8025925159454346,0.8924078345298767,0.7205304503440857,0.9901586771011353,0.8032442331314087
tr|Q57V49|Q57V49_TRYB2,SET domain-containing protein,-,AJ,0.851,1,-7.66,-6.74,0.895,-7.33,0.5104,0.89,1,-8.72,-7.59,0.955,-8.17,0.9703,0.8071748614311218,0.8081867098808289,0.803127646446228,0.9096253514289856,0.7456704378128052,0.990799367427826,0.7756325006484985
tr|Q384J5|Q384J5_TRYB2,Uncharacterized protein,-,AK,0.289,0,-7.74,1.15,0.098,-4.95,0.2331,0.52,1,-6.6,-5.55,0.318,-10.14,0.8694,0.5954676866531372,0.6472365856170654,0.3883920907974243,0.6816762089729309,0.4796350300312042,0.3757698237895965,0.4026449918746948
tr|Q585X0|Q585X0_TRYB2,Uncharacterized protein,-,AL,0.383,0,-6.4,-0.81,0.049,-7.22,0.4366,0.466,0,-5.95,-0.81,0.026,-6.49,0.4771,0.561117947101593,0.6195743680000305,0.3272923231124878,0.6369149088859558,0.4780490100383758,0.7367915511131287,0.2680092751979828
tr|Q38DZ4|Q38DZ4_TRYB2,SET domain-containing protein,-,AM,0.944,1,-8.15,-5.69,0.24,-7.43,0.822,0.811,1,-8.47,-6.22,0.821,-7.11,0.8448,0.7507930994033813,0.8531529903411865,0.3413534462451935,0.5811379551887512,0.7578734755516052,0.5228591561317444,0.3095956146717071
tr|Q57WV8|Q57WV8_TRYB2,SET domain-containing protein,-,AN,0.797,1,-6.79,-8.38,0.98,-7.98,0.9284,0.824,1,-6.67,-8.55,0.934,-7.76,0.6677,0.7178308367729187,0.7011131048202515,0.7847016453742981,0.8496448993682861,0.6793577075004578,0.9909548759460448,0.745002031326294
tr|Q4GYU9|Q4GYU9_TRYB2,SET domain-containing protein,-,AO,0.417,0,-6.62,-7.39,0.69,-7.34,0.4096,0.354,0,-6.33,-6.57,0.517,-8.53,0.9156,0.7078518867492676,0.7069739103317261,0.7113638520240784,0.8594735264778137,0.6578993201255798,0.984333872795105,0.6467612385749817
tr|Q38A07|Q38A07_TRYB2,SET domain-containing protein,-,AP,0.907,1,-8.37,-8.27,0.978,-8.8,0.9528,0.834,1,-8.13,-7.81,0.95,-8.51,0.9859,0.8100499510765076,0.814782977104187,0.7911177277565002,0.8752197623252869,0.7728577256202698,0.9880017638206482,0.7881064414978027
tr|Q585Q4|Q585Q4_TRYB2,Rubisco LSMT substrate-binding domain-containing protein,-,AQ,0.896,1,-9.04,-6.39,0.513,-8.38,0.4596,0.771,1,-8.5,-6.66,0.926,-8.75,0.9764,0.7742805480957031,0.7868099808692932,0.724162757396698,0.8497306108474731,0.7164781093597412,0.9823110699653624,0.5760207176208496
tr|Q57XE0|Q57XE0_TRYB2,SET domain-containing protein,-,AR,0.916,1,-8.38,-9.0,0.981,-9.5,0.9708,0.808,1,-8.32,-9.48,0.972,-9.67,0.9772,0.7785139679908752,0.786655068397522,0.7459494471549988,0.8668420910835266,0.7584686875343323,0.9905552864074708,0.713847279548645
tr|Q57V07|Q57V07_TRYB2,Uncharacterized protein,-,AS,0.702,1,-5.74,-6.72,0.598,-8.32,0.4731,0.736,1,-6.71,-6.88,0.857,-8.81,0.5451,0.8335475921630859,0.8257766962051392,0.864630937576294,0.8892228603363037,0.8035665154457092,0.9907241463661194,0.8607595562934875
tr|Q580C3|Q580C3_TRYB2,SET domain-containing protein,-,AT,0.619,1,-7.39,-5.92,0.672,-8.99,0.9846,0.617,1,-7.55,-8.27,0.973,-9.39,0.9389,0.7780787348747253,0.7919551134109497,0.7225732803344727,0.8480554223060608,0.7590807676315308,0.9886879324913024,0.5334707498550415
tr|Q38DP6|Q38DP6_TRYB2,SET domain-containing protein,-,AU,0.481,0,-5.98,-2.23,0.044,-5.71,0.5168,0.447,0,-7.03,-3.09,0.227,-5.15,0.8447,0.6913902163505554,0.7080649137496948,0.6246911883354187,0.8291680812835693,0.55311119556427,0.8369418382644653,0.5869784951210022
tr|Q584E3|Q584E3_TRYB2,SET domain-containing protein,-,AV,0.689,1,-6.36,-6.74,0.876,-7.87,0.6513,0.699,1,-6.26,-7.52,0.948,-8.19,0.8382,0.714052677154541,0.738676130771637,0.615558922290802,0.7197012901306152,0.6840804815292358,0.9865301251411438,0.3852473199367523
tr|Q581V5|Q581V5_TRYB2,SET domain-containing protein,-,AW,0.472,0,-5.74,-5.33,0.764,-8.31,0.9446,0.481,0,-5.95,-4.86,0.614,-9.46,0.9053,0.7166868448257446,0.7336090803146362,0.6489978432655334,0.7654890418052673,0.7077889442443848,0.9857385754585266,0.4624291062355041
tr|Q581S2|Q581S2_TRYB2,Uncharacterized protein,-,AX,0.363,0,-6.55,-5.67,0.432,-8.02,0.5317,0.315,0,-6.12,-3.44,0.372,-6.91,0.6834,0.70809406042099,0.7378376126289368,0.5891198515892029,0.8378202319145203,0.6597513556480408,0.9332734942436218,0.5445364713668823
tr|Q57UB6|Q57UB6_TRYB2,SET domain-containing protein,-,AY,0.873,1,-8.54,-6.47,0.71,-7.67,0.757,0.856,1,-8.66,-8.6,0.953,-8.92,0.9704,0.7358684539794922,0.7411868572235107,0.714594841003418,0.815548837184906,0.7460089325904846,0.9867331385612488,0.660309910774231
tr|Q585V9|Q585V9_TRYB2,SET domain-containing protein,-,AZ,0.854,1,-7.9,-6.77,0.499,-9.73,0.6484,0.836,1,-7.31,-6.5,0.912,-8.31,0.6638,0.7202911376953125,0.7298052310943604,0.6822347640991211,0.8151061534881592,0.6957440376281738,0.985887050628662,0.6299049854278564
tr|Q586S3|Q586S3_TRYB2,SET domain-containing protein,-,BA,0.3,0,-7.39,10.89,0.07,-5.58,0.2331,0.397,0,-6.79,-2.14,0.018,-4.8,0.5627,0.701753556728363,0.7289717793464661,0.5928805470466614,0.8257257342338562,0.6028771996498108,0.9223140478134156,0.5398727655410767
tr|Q388V8|Q388V8_TRYB2,SET domain-containing protein,-,BB,0.791,1,-7.62,-7.29,0.639,-10.02,0.8435,0.679,1,-7.2,-7.36,0.952,-9.16,0.9773,0.7492440938949585,0.7620856761932373,0.6978777050971985,0.8158088326454163,0.7478151917457581,0.9860251545906068,0.5034992694854736
tr|Q57WW4|Q57WW4_TRYB2,SET domain-containing protein,-,BC,0.383,0,-6.16,-4.28,0.051,-5.49,0.7273,0.331,0,-5.55,-6.03,0.431,-7.68,0.3636,0.647705078125,0.6908562779426575,0.4751002490520477,0.7617162466049194,0.5333261489868164,0.8612344861030579,0.3819849789142608
tr|Q4GZE9|Q4GZE9_TRYB2,Uncharacterized protein,-,BD,0.419,0,-7.5,-3.17,0.014,-7.04,0.1214,0.419,0,-6.92,-2.87,0.054,-5.75,0.2197,0.6928221583366394,0.7076783180236816,0.6333974599838257,0.8067579865455627,0.530559241771698,0.8351613879203796,0.5921274423599243
tr|Q382I1|Q382I1_TRYB2,SET domain-containing protein,-,BE,0.613,1,-7.1,-6.7,0.886,-9.82,0.9713,0.577,1,-6.99,-7.47,0.93,-9.11,0.9544,0.607710063457489,0.6271776556968689,0.5298394560813904,0.6299870610237122,0.6167702674865723,0.9824872016906738,0.2316960394382476
tr|Q384K9|Q384K9_TRYB2,Uncharacterized protein,-,BF,0.524,1,-6.25,-4.54,0.166,-6.14,0.5954,0.294,0,-6.75,-2.59,0.035,-5.46,0.6482,0.6985059976577759,0.6582555770874023,0.8595075607299805,0.8904564380645752,0.5030422210693359,0.9261516332626344,0.8614475727081299
tr|Q4GYQ6|Q4GYQ6_TRYB2,CHORD domain-containing protein,-,BG,0.487,0,-7.95,-3.97,0.025,-6.46,0.2686,0.407,0,-6.71,-2.65,0.293,-6.55,0.2853,0.6184388995170593,0.6865565776824951,0.3459683060646057,0.4458272755146026,0.529233992099762,0.5793085694313049,0.326462835073471
tr|Q4GZA6|Q4GZA6_TRYB2,Ribosomal RNA-processing protein 8,2.1.1,BH,0.97,1,-9.11,-9.55,0.983,-10.09,0.9919,0.964,1,-9.07,-9.86,0.993,-10.3,0.9913,0.6246029734611511,0.6467575430870056,0.5359846353530884,0.6184698343276978,0.6638323068618774,0.9899668097496032,0.3775733113288879
tr|Q38EE8|Q38EE8_TRYB2,"Nascent polypeptide associated complex subunit, putative",-,BI,0.49,0,-6.86,-1.21,0.048,-3.4,0.4308,0.405,0,-7.28,-3.23,0.076,-6.6,0.6812,0.6004688739776611,0.5231853723526001,0.9096028208732604,0.910883367061615,0.4362881779670715,0.7997637987136841,0.9366247057914734
